Item,ADMB,RTMB,Difference
M,0.0743,0.0743,0
q,1.7361,1.7361,0
Log mean recruitment,4.4492,4.4492,0
Log mean F,-2.6131,-2.6131,0
2024 Total biomass,649941,649941.107,0.10699999995995313
2024 Spawning biomass,227991,227991.1945,0.19450000001234002
2024 OFL,47466.3,47466.2846,-0.015400000003864989
2024 F OFL,0.1192,0.1192,0
 2024 ABC,39718.9,39718.8896,-0.010399999999208376
2024 F ABC,0.099,0.099,0
